Crm Cd Desc,crime_family
ARSON,Vandalism
ASSAULT WITH DEADLY WEAPON ON POLICE OFFICER,"Aggravated assault, robbery & homicide"
"ASSAULT WITH DEADLY WEAPON, AGGRAVATED ASSAULT","Aggravated assault, robbery & homicide"
ATTEMPTED ROBBERY,"Aggravated assault, robbery & homicide"
BATTERY - SIMPLE ASSAULT,Simple assault
BATTERY ON A FIREFIGHTER,Simple assault
BATTERY POLICE (SIMPLE),Simple assault
BATTERY WITH SEXUAL CONTACT,Sex offences
"BEASTIALITY, CRIME AGAINST NATURE SEXUAL ASSLT WITH ANIM",Sex offences
BIGAMY,Other
BIKE - ATTEMPTED STOLEN,Other theft
BIKE - STOLEN,Other theft
BLOCKING DOOR INDUCTION CENTER,Other
BOAT - STOLEN,Vehicle theft
BOMB SCARE,Other
BRANDISH WEAPON,"Aggravated assault, robbery & homicide"
BRIBERY,Identity theft & fraud
"BUNCO, ATTEMPT",Identity theft & fraud
"BUNCO, GRAND THEFT",Identity theft & fraud
"BUNCO, PETTY THEFT",Identity theft & fraud
BURGLARY,Burglary
BURGLARY FROM VEHICLE,Theft from vehicle
"BURGLARY FROM VEHICLE, ATTEMPTED",Theft from vehicle
"BURGLARY, ATTEMPTED",Burglary
CHILD ABANDONMENT,Other
CHILD ABUSE (PHYSICAL) - AGGRAVATED ASSAULT,"Aggravated assault, robbery & homicide"
CHILD ABUSE (PHYSICAL) - SIMPLE ASSAULT,Simple assault
CHILD ANNOYING (17YRS & UNDER),Sex offences
CHILD NEGLECT (SEE 300 W.I.C.),Other
CHILD PORNOGRAPHY,Sex offences
CHILD STEALING,Other
CONSPIRACY,Other
CONTEMPT OF COURT,Other
CONTRIBUTING,Other
COUNTERFEIT,Identity theft & fraud
"CREDIT CARDS, FRAUD USE ($950 & UNDER",Identity theft & fraud
"CREDIT CARDS, FRAUD USE ($950.01 & OVER)",Identity theft & fraud
CRIMINAL HOMICIDE,"Aggravated assault, robbery & homicide"
CRIMINAL THREATS - NO WEAPON DISPLAYED,Other
CRM AGNST CHLD (13 OR UNDER) (14-15 & SUSP 10 YRS OLDER),Sex offences
CRUELTY TO ANIMALS,Other
"DEFRAUDING INNKEEPER/THEFT OF SERVICES, $950 & UNDER",Identity theft & fraud
"DEFRAUDING INNKEEPER/THEFT OF SERVICES, OVER $950.01",Identity theft & fraud
DISCHARGE FIREARMS/SHOTS FIRED,"Aggravated assault, robbery & homicide"
DISHONEST EMPLOYEE - GRAND THEFT,Identity theft & fraud
DISHONEST EMPLOYEE - PETTY THEFT,Identity theft & fraud
DISHONEST EMPLOYEE ATTEMPTED THEFT,Identity theft & fraud
DISRUPT SCHOOL,Other
DISTURBING THE PEACE,Other
DOCUMENT FORGERY / STOLEN FELONY,Identity theft & fraud
DOCUMENT WORTHLESS ($200 & UNDER),Identity theft & fraud
DOCUMENT WORTHLESS ($200.01 & OVER),Identity theft & fraud
DRIVING WITHOUT OWNER CONSENT (DWOC),Vehicle theft
"DRUGS, TO A MINOR",Other
DRUNK ROLL,Other theft
DRUNK ROLL - ATTEMPT,Other theft
"EMBEZZLEMENT, GRAND THEFT ($950.01 & OVER)",Identity theft & fraud
"EMBEZZLEMENT, PETTY THEFT ($950 & UNDER)",Identity theft & fraud
EXTORTION,Identity theft & fraud
FAILURE TO DISPERSE,Other
FAILURE TO YIELD,Other
FALSE IMPRISONMENT,Other
FALSE POLICE REPORT,Other
FIREARMS EMERGENCY PROTECTIVE ORDER (FIREARMS EPO),Other
FIREARMS RESTRAINING ORDER (FIREARMS RO),Other
GRAND THEFT / AUTO REPAIR,Other theft
GRAND THEFT / INSURANCE FRAUD,Identity theft & fraud
HUMAN TRAFFICKING - COMMERCIAL SEX ACTS,Sex offences
HUMAN TRAFFICKING - INVOLUNTARY SERVITUDE,Other
ILLEGAL DUMPING,Other
INCEST (SEXUAL ACTS BETWEEN BLOOD RELATIVES),Sex offences
INCITING A RIOT,Other
INDECENT EXPOSURE,Sex offences
INTIMATE PARTNER - AGGRAVATED ASSAULT,"Aggravated assault, robbery & homicide"
INTIMATE PARTNER - SIMPLE ASSAULT,Simple assault
KIDNAPPING,"Aggravated assault, robbery & homicide"
KIDNAPPING - GRAND ATTEMPT,"Aggravated assault, robbery & homicide"
"LETTERS, LEWD  -  TELEPHONE CALLS, LEWD",Other
LEWD CONDUCT,Sex offences
LEWD/LASCIVIOUS ACTS WITH CHILD,Sex offences
LYNCHING,"Aggravated assault, robbery & homicide"
LYNCHING - ATTEMPTED,"Aggravated assault, robbery & homicide"
"MANSLAUGHTER, NEGLIGENT","Aggravated assault, robbery & homicide"
ORAL COPULATION,Sex offences
OTHER ASSAULT,Simple assault
OTHER MISCELLANEOUS CRIME,Other
PANDERING,Sex offences
PEEPING TOM,Sex offences
PETTY THEFT - AUTO REPAIR,Other theft
PICKPOCKET,Other theft
"PICKPOCKET, ATTEMPT",Other theft
PIMPING,Sex offences
PROWLER,Other
PURSE SNATCHING,Other theft
PURSE SNATCHING - ATTEMPT,Other theft
"RAPE, ATTEMPTED",Sex offences
"RAPE, FORCIBLE",Sex offences
RECKLESS DRIVING,Other
"REPLICA FIREARMS(SALE,DISPLAY,MANUFACTURE OR DISTRIBUTE)",Other
RESISTING ARREST,Other
ROBBERY,"Aggravated assault, robbery & homicide"
SEX OFFENDER REGISTRANT OUT OF COMPLIANCE,Sex offences
"SEX,UNLAWFUL(INC MUTUAL CONSENT, PENETRATION W/ FRGN OBJ",Sex offences
SEXUAL PENETRATION W/FOREIGN OBJECT,Sex offences
SHOPLIFTING - ATTEMPT,Other theft
SHOPLIFTING - PETTY THEFT ($950 & UNDER),Other theft
SHOPLIFTING-GRAND THEFT ($950.01 & OVER),Other theft
SHOTS FIRED AT INHABITED DWELLING,"Aggravated assault, robbery & homicide"
"SHOTS FIRED AT MOVING VEHICLE, TRAIN OR AIRCRAFT","Aggravated assault, robbery & homicide"
SODOMY/SEXUAL CONTACT B/W PENIS OF ONE PERS TO ANUS OTH,Sex offences
STALKING,Other
TELEPHONE PROPERTY - DAMAGE,Vandalism
THEFT FROM MOTOR VEHICLE - ATTEMPT,Theft from vehicle
THEFT FROM MOTOR VEHICLE - GRAND ($950.01 AND OVER),Theft from vehicle
THEFT FROM MOTOR VEHICLE - PETTY ($950 & UNDER),Theft from vehicle
THEFT FROM PERSON - ATTEMPT,Other theft
THEFT OF IDENTITY,Identity theft & fraud
THEFT PLAIN - ATTEMPT,Other theft
THEFT PLAIN - PETTY ($950 & UNDER),Other theft
"THEFT, COIN MACHINE - ATTEMPT",Other theft
"THEFT, COIN MACHINE - GRAND ($950.01 & OVER)",Other theft
"THEFT, COIN MACHINE - PETTY ($950 & UNDER)",Other theft
"THEFT, PERSON",Other theft
"THEFT-GRAND ($950.01 & OVER)EXCPT,GUNS,FOWL,LIVESTK,PROD",Other theft
THREATENING PHONE CALLS/LETTERS,Other
THROWING OBJECT AT MOVING VEHICLE,Other
TILL TAP - GRAND THEFT ($950.01 & OVER),Other theft
TILL TAP - PETTY ($950 & UNDER),Other theft
TRAIN WRECKING,Other
TRESPASSING,Other
UNAUTHORIZED COMPUTER ACCESS,Identity theft & fraud
"VANDALISM - FELONY ($400 & OVER, ALL CHURCH VANDALISMS)",Vandalism
VANDALISM - MISDEAMEANOR ($399 OR UNDER),Vandalism
VEHICLE - ATTEMPT STOLEN,Vehicle theft
VEHICLE - STOLEN,Vehicle theft
"VEHICLE, STOLEN - OTHER (MOTORIZED SCOOTERS, BIKES, ETC)",Vehicle theft
VIOLATION OF COURT ORDER,Other
VIOLATION OF RESTRAINING ORDER,Other
VIOLATION OF TEMPORARY RESTRAINING ORDER,Other
WEAPONS POSSESSION/BOMBING,Other
